Title,Author
Sandali,Cup of Joe
Hayaan,Cup of Joe
Ikaw Parin Ang Pipiliin Ko,Cup of Joe
Tingin,Cup of Joe,Janine
Mistertyoso,Cup of Joe
Tataya,Cup of Joe
Patutunguhan,Cup of Joe
Wag Na Lang,Cup of Joe
Bagyo,Cup of Joe
Wine,Cup of Joe
Kanelang Mata,Cup of Joe
Bubog,Cup of Joe
Siping,Cup of Joe
Pahina,Cup of Joe
'Di Maaari,Cup of Joe
Hinga,Cup of Joe
Silakbo,Cup of Joe
Lahat Ng Bukas,Cup of Joe,Keanna Mag
Ikaw,Cup of Joe
Multo,Cup of Joe
Mananatili,Cup of Joe
Estranghero,Cup of Joe
Nag-iisang Muli,Cup of Joe
Sinderela,Cup of Joe
Sagada,Cup of Joe
Bukod-Tangi,Cup of Joe
Alas Dose,Cup of Joe
Ikaw,Cup of Joe,Jullia Barretto
Nasa'king Damdamin,Arthur Nery
Isa Lang,Arthur Nery
Higa,Arthur Nery
Pagsamo,Arthur Nery
Binhi,Arthur Nery
Cotton Candy,Arthur Nery
Hung Up,Arthur Nery
Favorite Vice,Arthur Nery,Meeks
Got Me Tangled,Arthur Nery
Life Puzzle,Arthur Nery
I'd Still Kiss You,Arthur Nery
Take All The Love,Arthur Nery
Happy w u(feat.Jason Dhakal),Arthur Nery,Jason Dhakal
Pelikula,Arthur Nery,Janine
Sinag,Arthur Nery,Sam Benwick
o ninanais,Arthur Nery
Mikasa,Arthur Nery,Janine
Life Puzzle,Arthur Nery,Yuuki Tacastacas
Turbo,Arthur Nery,Manila Grey
Sabik,Arthur Nery,Deny
RomCom,Rob Deniel
Ikaw Sana,Rob Deniel
Miss Miss,Rob Deniel
Sinta,Rob Deniel
Ang Pag-ibig,Rob Deniel
Ulap,Rob Deniel
Kumusta Na,Rob Deniel
Puso,Rob Deniel
Iisang Daan,Rob Deniel
Happy Ending,Rob Deniel


